token,year,count
raf,1993,0.0015030320255132853
raf,1994,0.0011801950697176377
raf,1995,0.0008536439256495396
raf,1996,0.0009968674063881488
raf,1997,0.0007022871447671607
raf,1998,0.0005188820864934013
raf,1999,0.0003319848491640145
raf,2000,0.00017545676635616505
raf,2001,0.00011518694841728125
raf,2002,0.00006943494252216302
raf,2003,0.00011686944457796465
raf,2004,0.0000627981040953335
raf,2005,0.00005839517290901941
raf,2006,0.00004147343814802247
raf,2007,0.00008336493406545367
raf,2008,0.00007312846458128662
raf,2009,0.000030088761847449978
raf,2010,0.000022326848314183408
raf,2011,0.00006501455556135363
raf,2012,0.000055561349132131726
raf,2013,0.00003864631408632384
raf,2014,0.000018746842637029552
raf,2015,0.00003291567955719749
raf,2016,0.00004882355573819182
raf,2017,0.000037758520000268505
raf,2018,0.00005684779004216211
